Participant,Practice,Block,Trial,VisualVariable,GroupCount,GraphSize
0,true,0,0,Speed,Medium,Low
0,true,0,1,Speed,Large,Low
0,true,0,2,Speed,Small,Low
0,false,1,0,Speed,Large,Medium
0,false,1,1,Speed,Small,Medium
0,false,1,2,Speed,Medium,Medium
0,false,1,3,Speed,Large,Medium
0,false,1,4,Speed,Large,High
0,false,1,5,Speed,Large,Low
0,false,1,6,Speed,Large,High
0,false,1,7,Speed,Medium,Low
0,false,1,8,Speed,Small,Low
0,false,1,9,Speed,Small,Low
0,false,1,10,Speed,Small,High
0,false,1,11,Speed,Large,Low
0,false,1,12,Speed,Small,High
0,false,1,13,Speed,Medium,Medium
0,false,1,14,Speed,Small,Medium
0,false,1,15,Speed,Medium,High
0,false,1,16,Speed,Medium,High
0,false,1,17,Speed,Medium,Low
0,true,0,0,PatternFrequency,Small,Low
0,true,0,1,PatternFrequency,Medium,Low
0,true,0,2,PatternFrequency,Large,Low
0,false,2,0,PatternFrequency,Medium,High
0,false,2,1,PatternFrequency,Large,Low
0,false,2,2,PatternFrequency,Medium,High
0,false,2,3,PatternFrequency,Large,Low
0,false,2,4,PatternFrequency,Small,Low
0,false,2,5,PatternFrequency,Medium,Low
0,false,2,6,PatternFrequency,Small,Medium
0,false,2,7,PatternFrequency,Small,High
0,false,2,8,PatternFrequency,Small,Medium
0,false,2,9,PatternFrequency,Small,High
0,false,2,10,PatternFrequency,Medium,Low
0,false,2,11,PatternFrequency,Large,Medium
0,false,2,12,PatternFrequency,Large,Medium
0,false,2,13,PatternFrequency,Medium,Medium
0,false,2,14,PatternFrequency,Medium,Medium
0,false,2,15,PatternFrequency,Large,High
0,false,2,16,PatternFrequency,Small,Low
0,false,2,17,PatternFrequency,Large,High
0,true,0,0,TemporalDistribution,Large,Low
0,true,0,1,TemporalDistribution,Small,Low
0,true,0,2,TemporalDistribution,Medium,Low
0,false,3,0,TemporalDistribution,Large,Low
0,false,3,1,TemporalDistribution,Large,Medium
0,false,3,2,TemporalDistribution,Medium,Low
0,false,3,3,TemporalDistribution,Medium,High
0,false,3,4,TemporalDistribution,Medium,Medium
0,false,3,5,TemporalDistribution,Medium,High
0,false,3,6,TemporalDistribution,Large,High
0,false,3,7,TemporalDistribution,Small,Low
0,false,3,8,TemporalDistribution,Small,Medium
0,false,3,9,TemporalDistribution,Small,High
0,false,3,10,TemporalDistribution,Large,Medium
0,false,3,11,TemporalDistribution,Medium,Medium
0,false,3,12,TemporalDistribution,Large,High
0,false,3,13,TemporalDistribution,Small,High
0,false,3,14,TemporalDistribution,Small,Medium
0,false,3,15,TemporalDistribution,Large,Low
0,false,3,16,TemporalDistribution,Medium,Low
0,false,3,17,TemporalDistribution,Small,Low
0,true,0,0,CrossingSpeedFrequency,Medium,Low
0,true,0,1,CrossingSpeedFrequency,Large,Low
0,true,0,2,CrossingSpeedFrequency,Small,Low
0,false,4,0,CrossingSpeedFrequency,Medium,Low
0,false,4,1,CrossingSpeedFrequency,Medium,Medium
0,false,4,2,CrossingSpeedFrequency,Medium,Low
0,false,4,3,CrossingSpeedFrequency,Small,High
0,false,4,4,CrossingSpeedFrequency,Large,High
0,false,4,5,CrossingSpeedFrequency,Large,Low
0,false,4,6,CrossingSpeedFrequency,Small,Medium
0,false,4,7,CrossingSpeedFrequency,Small,Medium
0,false,4,8,CrossingSpeedFrequency,Small,High
0,false,4,9,CrossingSpeedFrequency,Large,High
0,false,4,10,CrossingSpeedFrequency,Medium,High
0,false,4,11,CrossingSpeedFrequency,Small,Low
0,false,4,12,CrossingSpeedFrequency,Large,Medium
0,false,4,13,CrossingSpeedFrequency,Large,Medium
0,false,4,14,CrossingSpeedFrequency,Small,Low
0,false,4,15,CrossingSpeedFrequency,Medium,Medium
0,false,4,16,CrossingSpeedFrequency,Large,Low
0,false,4,17,CrossingSpeedFrequency,Medium,High
1,true,0,0,PatternFrequency,Small,Low
1,true,0,1,PatternFrequency,Large,Low
1,true,0,2,PatternFrequency,Medium,Low
1,false,1,0,PatternFrequency,Large,Medium
1,false,1,1,PatternFrequency,Medium,Low
1,false,1,2,PatternFrequency,Medium,Medium
1,false,1,3,PatternFrequency,Large,High
1,false,1,4,PatternFrequency,Medium,Low
1,false,1,5,PatternFrequency,Small,Medium
1,false,1,6,PatternFrequency,Large,Medium
1,false,1,7,PatternFrequency,Large,Low
1,false,1,8,PatternFrequency,Small,High
1,false,1,9,PatternFrequency,Small,Low
1,false,1,10,PatternFrequency,Large,High
1,false,1,11,PatternFrequency,Small,Medium
1,false,1,12,PatternFrequency,Large,Low
1,false,1,13,PatternFrequency,Small,Low
1,false,1,14,PatternFrequency,Medium,High
1,false,1,15,PatternFrequency,Small,High
1,false,1,16,PatternFrequency,Medium,Medium
1,false,1,17,PatternFrequency,Medium,High
1,true,0,0,TemporalDistribution,Medium,Low
1,true,0,1,TemporalDistribution,Small,Low
1,true,0,2,TemporalDistribution,Large,Low
1,false,2,0,TemporalDistribution,Medium,Low
1,false,2,1,TemporalDistribution,Medium,High
1,false,2,2,TemporalDistribution,Large,Low
1,false,2,3,TemporalDistribution,Small,High
1,false,2,4,TemporalDistribution,Large,High
1,false,2,5,TemporalDistribution,Large,Medium
1,false,2,6,TemporalDistribution,Small,Low
1,false,2,7,TemporalDistribution,Medium,Medium
1,false,2,8,TemporalDistribution,Large,Medium
1,false,2,9,TemporalDistribution,Medium,High
1,false,2,10,TemporalDistribution,Medium,Low
1,false,2,11,TemporalDistribution,Medium,Medium
1,false,2,12,TemporalDistribution,Small,Medium
1,false,2,13,TemporalDistribution,Small,Medium
1,false,2,14,TemporalDistribution,Small,High
1,false,2,15,TemporalDistribution,Large,High
1,false,2,16,TemporalDistribution,Large,Low
1,false,2,17,TemporalDistribution,Small,Low
1,true,0,0,CrossingSpeedFrequency,Small,Low
1,true,0,1,CrossingSpeedFrequency,Large,Low
1,true,0,2,CrossingSpeedFrequency,Medium,Low
1,false,3,0,CrossingSpeedFrequency,Large,Low
1,false,3,1,CrossingSpeedFrequency,Small,Medium
1,false,3,2,CrossingSpeedFrequency,Large,Medium
1,false,3,3,CrossingSpeedFrequency,Small,High
1,false,3,4,CrossingSpeedFrequency,Large,Low
1,false,3,5,CrossingSpeedFrequency,Large,High
1,false,3,6,CrossingSpeedFrequency,Small,High
1,false,3,7,CrossingSpeedFrequency,Medium,Medium
1,false,3,8,CrossingSpeedFrequency,Small,Medium
1,false,3,9,CrossingSpeedFrequency,Medium,Low
1,false,3,10,CrossingSpeedFrequency,Medium,Low
1,false,3,11,CrossingSpeedFrequency,Large,Medium
1,false,3,12,CrossingSpeedFrequency,Medium,High
1,false,3,13,CrossingSpeedFrequency,Large,High
1,false,3,14,CrossingSpeedFrequency,Small,Low
1,false,3,15,CrossingSpeedFrequency,Medium,Medium
1,false,3,16,CrossingSpeedFrequency,Medium,High
1,false,3,17,CrossingSpeedFrequency,Small,Low
1,true,0,0,Speed,Medium,Low
1,true,0,1,Speed,Large,Low
1,true,0,2,Speed,Small,Low
1,false,4,0,Speed,Small,High
1,false,4,1,Speed,Large,High
1,false,4,2,Speed,Large,Medium
1,false,4,3,Speed,Large,Low
1,false,4,4,Speed,Small,Low
1,false,4,5,Speed,Small,Medium
1,false,4,6,Speed,Medium,High
1,false,4,7,Speed,Large,High
1,false,4,8,Speed,Medium,Medium
1,false,4,9,Speed,Medium,Low
1,false,4,10,Speed,Small,Low
1,false,4,11,Speed,Large,Medium
1,false,4,12,Speed,Medium,High
1,false,4,13,Speed,Medium,Low
1,false,4,14,Speed,Large,Low
1,false,4,15,Speed,Small,Medium
1,false,4,16,Speed,Medium,Medium
1,false,4,17,Speed,Small,High
2,true,0,0,TemporalDistribution,Small,Low
2,true,0,1,TemporalDistribution,Large,Low
2,true,0,2,TemporalDistribution,Medium,Low
2,false,1,0,TemporalDistribution,Medium,High
2,false,1,1,TemporalDistribution,Medium,Medium
2,false,1,2,TemporalDistribution,Medium,High
2,false,1,3,TemporalDistribution,Medium,Low
2,false,1,4,TemporalDistribution,Large,Medium
2,false,1,5,TemporalDistribution,Large,High
2,false,1,6,TemporalDistribution,Medium,Low
2,false,1,7,TemporalDistribution,Large,Low
2,false,1,8,TemporalDistribution,Small,High
2,false,1,9,TemporalDistribution,Small,Medium
2,false,1,10,TemporalDistribution,Large,Low
2,false,1,11,TemporalDistribution,Small,Low
2,false,1,12,TemporalDistribution,Small,Medium
2,false,1,13,TemporalDistribution,Medium,Medium
2,false,1,14,TemporalDistribution,Small,High
2,false,1,15,TemporalDistribution,Large,Medium
2,false,1,16,TemporalDistribution,Small,Low
2,false,1,17,TemporalDistribution,Large,High
2,true,0,0,CrossingSpeedFrequency,Small,Low
2,true,0,1,CrossingSpeedFrequency,Medium,Low
2,true,0,2,CrossingSpeedFrequency,Large,Low
2,false,2,0,CrossingSpeedFrequency,Small,Low
2,false,2,1,CrossingSpeedFrequency,Medium,Low
2,false,2,2,CrossingSpeedFrequency,Medium,Low
2,false,2,3,CrossingSpeedFrequency,Small,Medium
2,false,2,4,CrossingSpeedFrequency,Large,Medium
2,false,2,5,CrossingSpeedFrequency,Small,High
2,false,2,6,CrossingSpeedFrequency,Medium,High
2,false,2,7,CrossingSpeedFrequency,Small,Low
2,false,2,8,CrossingSpeedFrequency,Large,Medium
2,false,2,9,CrossingSpeedFrequency,Medium,Medium
2,false,2,10,CrossingSpeedFrequency,Large,High
2,false,2,11,CrossingSpeedFrequency,Large,High
2,false,2,12,CrossingSpeedFrequency,Small,Medium
2,false,2,13,CrossingSpeedFrequency,Medium,High
2,false,2,14,CrossingSpeedFrequency,Medium,Medium
2,false,2,15,CrossingSpeedFrequency,Large,Low
2,false,2,16,CrossingSpeedFrequency,Large,Low
2,false,2,17,CrossingSpeedFrequency,Small,High
2,true,0,0,Speed,Small,Low
2,true,0,1,Speed,Large,Low
2,true,0,2,Speed,Medium,Low
2,false,3,0,Speed,Medium,Low
2,false,3,1,Speed,Medium,Medium
2,false,3,2,Speed,Large,Medium
2,false,3,3,Speed,Small,Low
2,false,3,4,Speed,Small,Medium
2,false,3,5,Speed,Small,Low
2,false,3,6,Speed,Large,Medium
2,false,3,7,Speed,Small,High
2,false,3,8,Speed,Medium,High
2,false,3,9,Speed,Large,Low
2,false,3,10,Speed,Large,Low
2,false,3,11,Speed,Small,High
2,false,3,12,Speed,Medium,Medium
2,false,3,13,Speed,Large,High
2,false,3,14,Speed,Small,Medium
2,false,3,15,Speed,Medium,High
2,false,3,16,Speed,Large,High
2,false,3,17,Speed,Medium,Low
2,true,0,0,PatternFrequency,Large,Low
2,true,0,1,PatternFrequency,Small,Low
2,true,0,2,PatternFrequency,Medium,Low
2,false,4,0,PatternFrequency,Small,Medium
2,false,4,1,PatternFrequency,Large,Medium
2,false,4,2,PatternFrequency,Large,High
2,false,4,3,PatternFrequency,Small,Low
2,false,4,4,PatternFrequency,Medium,High
2,false,4,5,PatternFrequency,Large,Low
2,false,4,6,PatternFrequency,Medium,Medium
2,false,4,7,PatternFrequency,Small,Low
2,false,4,8,PatternFrequency,Small,High
2,false,4,9,PatternFrequency,Medium,Medium
2,false,4,10,PatternFrequency,Large,Low
2,false,4,11,PatternFrequency,Medium,High
2,false,4,12,PatternFrequency,Medium,Low
2,false,4,13,PatternFrequency,Large,High
2,false,4,14,PatternFrequency,Medium,Low
2,false,4,15,PatternFrequency,Small,Medium
2,false,4,16,PatternFrequency,Large,Medium
2,false,4,17,PatternFrequency,Small,High
3,true,0,0,CrossingSpeedFrequency,Medium,Low
3,true,0,1,CrossingSpeedFrequency,Large,Low
3,true,0,2,CrossingSpeedFrequency,Small,Low
3,false,1,0,CrossingSpeedFrequency,Medium,Low
3,false,1,1,CrossingSpeedFrequency,Large,High
3,false,1,2,CrossingSpeedFrequency,Large,Low
3,false,1,3,CrossingSpeedFrequency,Medium,High
3,false,1,4,CrossingSpeedFrequency,Small,High
3,false,1,5,CrossingSpeedFrequency,Small,Low
3,false,1,6,CrossingSpeedFrequency,Large,Medium
3,false,1,7,CrossingSpeedFrequency,Small,Medium
3,false,1,8,CrossingSpeedFrequency,Large,Low
3,false,1,9,CrossingSpeedFrequency,Large,Medium
3,false,1,10,CrossingSpeedFrequency,Small,Low
3,false,1,11,CrossingSpeedFrequency,Medium,Medium
3,false,1,12,CrossingSpeedFrequency,Medium,High
3,false,1,13,CrossingSpeedFrequency,Small,Medium
3,false,1,14,CrossingSpeedFrequency,Large,High
3,false,1,15,CrossingSpeedFrequency,Medium,Low
3,false,1,16,CrossingSpeedFrequency,Small,High
3,false,1,17,CrossingSpeedFrequency,Medium,Medium
3,true,0,0,Speed,Medium,Low
3,true,0,1,Speed,Small,Low
3,true,0,2,Speed,Large,Low
3,false,2,0,Speed,Large,Medium
3,false,2,1,Speed,Small,High
3,false,2,2,Speed,Small,High
3,false,2,3,Speed,Small,Low
3,false,2,4,Speed,Large,High
3,false,2,5,Speed,Medium,High
3,false,2,6,Speed,Medium,Low
3,false,2,7,Speed,Medium,Medium
3,false,2,8,Speed,Medium,Medium
3,false,2,9,Speed,Medium,Low
3,false,2,10,Speed,Large,Low
3,false,2,11,Speed,Large,Medium
3,false,2,12,Speed,Large,Low
3,false,2,13,Speed,Small,Low
3,false,2,14,Speed,Large,High
3,false,2,15,Speed,Small,Medium
3,false,2,16,Speed,Medium,High
3,false,2,17,Speed,Small,Medium
3,true,0,0,PatternFrequency,Medium,Low
3,true,0,1,PatternFrequency,Small,Low
3,true,0,2,PatternFrequency,Large,Low
3,false,3,0,PatternFrequency,Medium,High
3,false,3,1,PatternFrequency,Small,Low
3,false,3,2,PatternFrequency,Small,High
3,false,3,3,PatternFrequency,Small,Low
3,false,3,4,PatternFrequency,Small,High
3,false,3,5,PatternFrequency,Medium,Medium
3,false,3,6,PatternFrequency,Medium,Low
3,false,3,7,PatternFrequency,Medium,Low
3,false,3,8,PatternFrequency,Small,Medium
3,false,3,9,PatternFrequency,Large,Medium
3,false,3,10,PatternFrequency,Large,Low
3,false,3,11,PatternFrequency,Large,High
3,false,3,12,PatternFrequency,Large,Medium
3,false,3,13,PatternFrequency,Large,High
3,false,3,14,PatternFrequency,Small,Medium
3,false,3,15,PatternFrequency,Large,Low
3,false,3,16,PatternFrequency,Medium,Medium
3,false,3,17,PatternFrequency,Medium,High
3,true,0,0,TemporalDistribution,Small,Low
3,true,0,1,TemporalDistribution,Medium,Low
3,true,0,2,TemporalDistribution,Large,Low
3,false,4,0,TemporalDistribution,Medium,Medium
3,false,4,1,TemporalDistribution,Medium,High
3,false,4,2,TemporalDistribution,Large,Low
3,false,4,3,TemporalDistribution,Medium,Medium
3,false,4,4,TemporalDistribution,Large,High
3,false,4,5,TemporalDistribution,Large,Medium
3,false,4,6,TemporalDistribution,Medium,Low
3,false,4,7,TemporalDistribution,Medium,Low
3,false,4,8,TemporalDistribution,Large,High
3,false,4,9,TemporalDistribution,Small,High
3,false,4,10,TemporalDistribution,Large,Medium
3,false,4,11,TemporalDistribution,Small,Low
3,false,4,12,TemporalDistribution,Small,Medium
3,false,4,13,TemporalDistribution,Medium,High
3,false,4,14,TemporalDistribution,Large,Low
3,false,4,15,TemporalDistribution,Small,Low
3,false,4,16,TemporalDistribution,Small,High
3,false,4,17,TemporalDistribution,Small,Medium
4,true,0,0,Speed,Medium,Low
4,true,0,1,Speed,Large,Low
4,true,0,2,Speed,Small,Low
4,false,1,0,Speed,Small,Low
4,false,1,1,Speed,Medium,Medium
4,false,1,2,Speed,Medium,High
4,false,1,3,Speed,Large,Low
4,false,1,4,Speed,Large,High
4,false,1,5,Speed,Medium,Low
4,false,1,6,Speed,Large,Low
4,false,1,7,Speed,Small,Medium
4,false,1,8,Speed,Small,Low
4,false,1,9,Speed,Medium,Medium
4,false,1,10,Speed,Medium,Low
4,false,1,11,Speed,Small,High
4,false,1,12,Speed,Large,Medium
4,false,1,13,Speed,Large,High
4,false,1,14,Speed,Medium,High
4,false,1,15,Speed,Large,Medium
4,false,1,16,Speed,Small,High
4,false,1,17,Speed,Small,Medium
4,true,0,0,PatternFrequency,Medium,Low
4,true,0,1,PatternFrequency,Small,Low
4,true,0,2,PatternFrequency,Large,Low
4,false,2,0,PatternFrequency,Medium,High
4,false,2,1,PatternFrequency,Small,High
4,false,2,2,PatternFrequency,Large,Low
4,false,2,3,PatternFrequency,Medium,Low
4,false,2,4,PatternFrequency,Large,Medium
4,false,2,5,PatternFrequency,Medium,Low
4,false,2,6,PatternFrequency,Medium,High
4,false,2,7,PatternFrequency,Small,Low
4,false,2,8,PatternFrequency,Small,High
4,false,2,9,PatternFrequency,Small,Medium
4,false,2,10,PatternFrequency,Medium,Medium
4,false,2,11,PatternFrequency,Small,Low
4,false,2,12,PatternFrequency,Small,Medium
4,false,2,13,PatternFrequency,Large,High
4,false,2,14,PatternFrequency,Large,Low
4,false,2,15,PatternFrequency,Medium,Medium
4,false,2,16,PatternFrequency,Large,Medium
4,false,2,17,PatternFrequency,Large,High
4,true,0,0,TemporalDistribution,Medium,Low
4,true,0,1,TemporalDistribution,Large,Low
4,true,0,2,TemporalDistribution,Small,Low
4,false,3,0,TemporalDistribution,Large,High
4,false,3,1,TemporalDistribution,Medium,Low
4,false,3,2,TemporalDistribution,Large,High
4,false,3,3,TemporalDistribution,Small,High
4,false,3,4,TemporalDistribution,Large,Low
4,false,3,5,TemporalDistribution,Large,Medium
4,false,3,6,TemporalDistribution,Medium,Medium
4,false,3,7,TemporalDistribution,Large,Low
4,false,3,8,TemporalDistribution,Small,Medium
4,false,3,9,TemporalDistribution,Small,Medium
4,false,3,10,TemporalDistribution,Medium,High
4,false,3,11,TemporalDistribution,Small,Low
4,false,3,12,TemporalDistribution,Medium,High
4,false,3,13,TemporalDistribution,Large,Medium
4,false,3,14,TemporalDistribution,Medium,Medium
4,false,3,15,TemporalDistribution,Medium,Low
4,false,3,16,TemporalDistribution,Small,Low
4,false,3,17,TemporalDistribution,Small,High
4,true,0,0,CrossingSpeedFrequency,Small,Low
4,true,0,1,CrossingSpeedFrequency,Medium,Low
4,true,0,2,CrossingSpeedFrequency,Large,Low
4,false,4,0,CrossingSpeedFrequency,Large,Medium
4,false,4,1,CrossingSpeedFrequency,Small,High
4,false,4,2,CrossingSpeedFrequency,Small,Low
4,false,4,3,CrossingSpeedFrequency,Small,High
4,false,4,4,CrossingSpeedFrequency,Large,Medium
4,false,4,5,CrossingSpeedFrequency,Medium,High
4,false,4,6,CrossingSpeedFrequency,Small,Low
4,false,4,7,CrossingSpeedFrequency,Small,Medium
4,false,4,8,CrossingSpeedFrequency,Medium,Medium
4,false,4,9,CrossingSpeedFrequency,Medium,Low
4,false,4,10,CrossingSpeedFrequency,Medium,High
4,false,4,11,CrossingSpeedFrequency,Large,High
4,false,4,12,CrossingSpeedFrequency,Large,High
4,false,4,13,CrossingSpeedFrequency,Large,Low
4,false,4,14,CrossingSpeedFrequency,Large,Low
4,false,4,15,CrossingSpeedFrequency,Small,Medium
4,false,4,16,CrossingSpeedFrequency,Medium,Medium
4,false,4,17,CrossingSpeedFrequency,Medium,Low
5,true,0,0,PatternFrequency,Small,Low
5,true,0,1,PatternFrequency,Medium,Low
5,true,0,2,PatternFrequency,Large,Low
5,false,1,0,PatternFrequency,Medium,Medium
5,false,1,1,PatternFrequency,Large,Low
5,false,1,2,PatternFrequency,Medium,Low
5,false,1,3,PatternFrequency,Medium,Low
5,false,1,4,PatternFrequency,Large,High
5,false,1,5,PatternFrequency,Medium,High
5,false,1,6,PatternFrequency,Large,Low
5,false,1,7,PatternFrequency,Large,Medium
5,false,1,8,PatternFrequency,Medium,High
5,false,1,9,PatternFrequency,Small,Low
5,false,1,10,PatternFrequency,Small,High
5,false,1,11,PatternFrequency,Large,Medium
5,false,1,12,PatternFrequency,Small,Low
5,false,1,13,PatternFrequency,Small,Medium
5,false,1,14,PatternFrequency,Large,High
5,false,1,15,PatternFrequency,Medium,Medium
5,false,1,16,PatternFrequency,Small,High
5,false,1,17,PatternFrequency,Small,Medium
5,true,0,0,TemporalDistribution,Medium,Low
5,true,0,1,TemporalDistribution,Small,Low
5,true,0,2,TemporalDistribution,Large,Low
5,false,2,0,TemporalDistribution,Small,Low
5,false,2,1,TemporalDistribution,Medium,Low
5,false,2,2,TemporalDistribution,Large,High
5,false,2,3,TemporalDistribution,Medium,Medium
5,false,2,4,TemporalDistribution,Medium,High
5,false,2,5,TemporalDistribution,Small,Medium
5,false,2,6,TemporalDistribution,Medium,Medium
5,false,2,7,TemporalDistribution,Large,Low
5,false,2,8,TemporalDistribution,Medium,High
5,false,2,9,TemporalDistribution,Small,Low
5,false,2,10,TemporalDistribution,Small,High
5,false,2,11,TemporalDistribution,Large,Low
5,false,2,12,TemporalDistribution,Small,High
5,false,2,13,TemporalDistribution,Small,Medium
5,false,2,14,TemporalDistribution,Large,High
5,false,2,15,TemporalDistribution,Large,Medium
5,false,2,16,TemporalDistribution,Medium,Low
5,false,2,17,TemporalDistribution,Large,Medium
5,true,0,0,CrossingSpeedFrequency,Large,Low
5,true,0,1,CrossingSpeedFrequency,Medium,Low
5,true,0,2,CrossingSpeedFrequency,Small,Low
5,false,3,0,CrossingSpeedFrequency,Large,Medium
5,false,3,1,CrossingSpeedFrequency,Large,Medium
5,false,3,2,CrossingSpeedFrequency,Medium,High
5,false,3,3,CrossingSpeedFrequency,Small,Low
5,false,3,4,CrossingSpeedFrequency,Small,High
5,false,3,5,CrossingSpeedFrequency,Medium,Low
5,false,3,6,CrossingSpeedFrequency,Small,Low
5,false,3,7,CrossingSpeedFrequency,Small,Medium
5,false,3,8,CrossingSpeedFrequency,Large,High
5,false,3,9,CrossingSpeedFrequency,Large,High
5,false,3,10,CrossingSpeedFrequency,Medium,Medium
5,false,3,11,CrossingSpeedFrequency,Small,High
5,false,3,12,CrossingSpeedFrequency,Medium,Low
5,false,3,13,CrossingSpeedFrequency,Small,Medium
5,false,3,14,CrossingSpeedFrequency,Medium,Medium
5,false,3,15,CrossingSpeedFrequency,Large,Low
5,false,3,16,CrossingSpeedFrequency,Medium,High
5,false,3,17,CrossingSpeedFrequency,Large,Low
5,true,0,0,Speed,Medium,Low
5,true,0,1,Speed,Small,Low
5,true,0,2,Speed,Large,Low
5,false,4,0,Speed,Large,Medium
5,false,4,1,Speed,Medium,Low
5,false,4,2,Speed,Medium,Medium
5,false,4,3,Speed,Medium,Low
5,false,4,4,Speed,Small,High
5,false,4,5,Speed,Medium,High
5,false,4,6,Speed,Large,High
5,false,4,7,Speed,Large,High
5,false,4,8,Speed,Small,Medium
5,false,4,9,Speed,Medium,High
5,false,4,10,Speed,Large,Low
5,false,4,11,Speed,Large,Medium
5,false,4,12,Speed,Small,Low
5,false,4,13,Speed,Large,Low
5,false,4,14,Speed,Medium,Medium
5,false,4,15,Speed,Small,Medium
5,false,4,16,Speed,Small,Low
5,false,4,17,Speed,Small,High
6,true,0,0,TemporalDistribution,Large,Low
6,true,0,1,TemporalDistribution,Medium,Low
6,true,0,2,TemporalDistribution,Small,Low
6,false,1,0,TemporalDistribution,Medium,High
6,false,1,1,TemporalDistribution,Medium,Low
6,false,1,2,TemporalDistribution,Large,High
6,false,1,3,TemporalDistribution,Small,High
6,false,1,4,TemporalDistribution,Medium,Low
6,false,1,5,TemporalDistribution,Large,Medium
6,false,1,6,TemporalDistribution,Medium,High
6,false,1,7,TemporalDistribution,Large,Medium
6,false,1,8,TemporalDistribution,Small,Low
6,false,1,9,TemporalDistribution,Small,High
6,false,1,10,TemporalDistribution,Large,Low
6,false,1,11,TemporalDistribution,Large,High
6,false,1,12,TemporalDistribution,Medium,Medium
6,false,1,13,TemporalDistribution,Small,Medium
6,false,1,14,TemporalDistribution,Small,Low
6,false,1,15,TemporalDistribution,Small,Medium
6,false,1,16,TemporalDistribution,Medium,Medium
6,false,1,17,TemporalDistribution,Large,Low
6,true,0,0,CrossingSpeedFrequency,Medium,Low
6,true,0,1,CrossingSpeedFrequency,Large,Low
6,true,0,2,CrossingSpeedFrequency,Small,Low
6,false,2,0,CrossingSpeedFrequency,Large,High
6,false,2,1,CrossingSpeedFrequency,Small,High
6,false,2,2,CrossingSpeedFrequency,Large,Medium
6,false,2,3,CrossingSpeedFrequency,Large,Low
6,false,2,4,CrossingSpeedFrequency,Large,High
6,false,2,5,CrossingSpeedFrequency,Small,Low
6,false,2,6,CrossingSpeedFrequency,Medium,Low
6,false,2,7,CrossingSpeedFrequency,Small,Medium
6,false,2,8,CrossingSpeedFrequency,Medium,Medium
6,false,2,9,CrossingSpeedFrequency,Medium,High
6,false,2,10,CrossingSpeedFrequency,Medium,High
6,false,2,11,CrossingSpeedFrequency,Large,Medium
6,false,2,12,CrossingSpeedFrequency,Small,High
6,false,2,13,CrossingSpeedFrequency,Medium,Medium
6,false,2,14,CrossingSpeedFrequency,Small,Low
6,false,2,15,CrossingSpeedFrequency,Large,Low
6,false,2,16,CrossingSpeedFrequency,Small,Medium
6,false,2,17,CrossingSpeedFrequency,Medium,Low
6,true,0,0,Speed,Medium,Low
6,true,0,1,Speed,Large,Low
6,true,0,2,Speed,Small,Low
6,false,3,0,Speed,Medium,Low
6,false,3,1,Speed,Large,Low
6,false,3,2,Speed,Medium,Low
6,false,3,3,Speed,Large,High
6,false,3,4,Speed,Large,Medium
6,false,3,5,Speed,Medium,High
6,false,3,6,Speed,Small,High
6,false,3,7,Speed,Small,Low
6,false,3,8,Speed,Small,High
6,false,3,9,Speed,Large,Medium
6,false,3,10,Speed,Small,Low
6,false,3,11,Speed,Small,Medium
6,false,3,12,Speed,Medium,High
6,false,3,13,Speed,Medium,Medium
6,false,3,14,Speed,Large,Low
6,false,3,15,Speed,Large,High
6,false,3,16,Speed,Small,Medium
6,false,3,17,Speed,Medium,Medium
6,true,0,0,PatternFrequency,Medium,Low
6,true,0,1,PatternFrequency,Large,Low
6,true,0,2,PatternFrequency,Small,Low
6,false,4,0,PatternFrequency,Large,High
6,false,4,1,PatternFrequency,Medium,Low
6,false,4,2,PatternFrequency,Large,Medium
6,false,4,3,PatternFrequency,Large,Low
6,false,4,4,PatternFrequency,Medium,Low
6,false,4,5,PatternFrequency,Small,Medium
6,false,4,6,PatternFrequency,Small,Medium
6,false,4,7,PatternFrequency,Large,High
6,false,4,8,PatternFrequency,Medium,High
6,false,4,9,PatternFrequency,Medium,Medium
6,false,4,10,PatternFrequency,Small,Low
6,false,4,11,PatternFrequency,Large,Medium
6,false,4,12,PatternFrequency,Medium,High
6,false,4,13,PatternFrequency,Small,High
6,false,4,14,PatternFrequency,Small,High
6,false,4,15,PatternFrequency,Large,Low
6,false,4,16,PatternFrequency,Small,Low
6,false,4,17,PatternFrequency,Medium,Medium
7,true,0,0,CrossingSpeedFrequency,Large,Low
7,true,0,1,CrossingSpeedFrequency,Small,Low
7,true,0,2,CrossingSpeedFrequency,Medium,Low
7,false,1,0,CrossingSpeedFrequency,Large,Low
7,false,1,1,CrossingSpeedFrequency,Small,High
7,false,1,2,CrossingSpeedFrequency,Medium,Medium
7,false,1,3,CrossingSpeedFrequency,Small,Low
7,false,1,4,CrossingSpeedFrequency,Large,Low
7,false,1,5,CrossingSpeedFrequency,Large,Medium
7,false,1,6,CrossingSpeedFrequency,Medium,Low
7,false,1,7,CrossingSpeedFrequency,Medium,High
7,false,1,8,CrossingSpeedFrequency,Large,High
7,false,1,9,CrossingSpeedFrequency,Small,Low
7,false,1,10,CrossingSpeedFrequency,Small,High
7,false,1,11,CrossingSpeedFrequency,Small,Medium
7,false,1,12,CrossingSpeedFrequency,Large,Medium
7,false,1,13,CrossingSpeedFrequency,Small,Medium
7,false,1,14,CrossingSpeedFrequency,Medium,High
7,false,1,15,CrossingSpeedFrequency,Medium,Medium
7,false,1,16,CrossingSpeedFrequency,Large,High
7,false,1,17,CrossingSpeedFrequency,Medium,Low
7,true,0,0,Speed,Large,Low
7,true,0,1,Speed,Small,Low
7,true,0,2,Speed,Medium,Low
7,false,2,0,Speed,Small,Low
7,false,2,1,Speed,Large,Low
7,false,2,2,Speed,Medium,High
7,false,2,3,Speed,Small,Low
7,false,2,4,Speed,Large,High
7,false,2,5,Speed,Small,High
7,false,2,6,Speed,Medium,Medium
7,false,2,7,Speed,Small,Medium
7,false,2,8,Speed,Small,High
7,false,2,9,Speed,Large,Medium
7,false,2,10,Speed,Small,Medium
7,false,2,11,Speed,Medium,Medium
7,false,2,12,Speed,Large,Medium
7,false,2,13,Speed,Medium,High
7,false,2,14,Speed,Large,Low
7,false,2,15,Speed,Large,High
7,false,2,16,Speed,Medium,Low
7,false,2,17,Speed,Medium,Low
7,true,0,0,PatternFrequency,Small,Low
7,true,0,1,PatternFrequency,Medium,Low
7,true,0,2,PatternFrequency,Large,Low
7,false,3,0,PatternFrequency,Large,Low
7,false,3,1,PatternFrequency,Large,High
7,false,3,2,PatternFrequency,Medium,High
7,false,3,3,PatternFrequency,Large,Medium
7,false,3,4,PatternFrequency,Medium,Medium
7,false,3,5,PatternFrequency,Large,Low
7,false,3,6,PatternFrequency,Medium,Low
7,false,3,7,PatternFrequency,Medium,Medium
7,false,3,8,PatternFrequency,Small,Medium
7,false,3,9,PatternFrequency,Small,Medium
7,false,3,10,PatternFrequency,Small,Low
7,false,3,11,PatternFrequency,Large,High
7,false,3,12,PatternFrequency,Small,High
7,false,3,13,PatternFrequency,Medium,Low
7,false,3,14,PatternFrequency,Large,Medium
7,false,3,15,PatternFrequency,Medium,High
7,false,3,16,PatternFrequency,Small,Low
7,false,3,17,PatternFrequency,Small,High
7,true,0,0,TemporalDistribution,Large,Low
7,true,0,1,TemporalDistribution,Medium,Low
7,true,0,2,TemporalDistribution,Small,Low
7,false,4,0,TemporalDistribution,Medium,Low
7,false,4,1,TemporalDistribution,Medium,Medium
7,false,4,2,TemporalDistribution,Large,High
7,false,4,3,TemporalDistribution,Medium,High
7,false,4,4,TemporalDistribution,Large,Medium
7,false,4,5,TemporalDistribution,Large,Medium
7,false,4,6,TemporalDistribution,Small,High
7,false,4,7,TemporalDistribution,Medium,High
7,false,4,8,TemporalDistribution,Small,Low
7,false,4,9,TemporalDistribution,Large,Low
7,false,4,10,TemporalDistribution,Small,Medium
7,false,4,11,TemporalDistribution,Large,High
7,false,4,12,TemporalDistribution,Medium,Low
7,false,4,13,TemporalDistribution,Small,High
7,false,4,14,TemporalDistribution,Small,Low
7,false,4,15,TemporalDistribution,Large,Low
7,false,4,16,TemporalDistribution,Medium,Medium
7,false,4,17,TemporalDistribution,Small,Medium
8,true,0,0,Speed,Medium,Low
8,true,0,1,Speed,Small,Low
8,true,0,2,Speed,Large,Low
8,false,1,0,Speed,Small,Medium
8,false,1,1,Speed,Medium,Medium
8,false,1,2,Speed,Small,High
8,false,1,3,Speed,Medium,Medium
8,false,1,4,Speed,Small,High
8,false,1,5,Speed,Medium,High
8,false,1,6,Speed,Large,Low
8,false,1,7,Speed,Large,Medium
8,false,1,8,Speed,Small,Low
8,false,1,9,Speed,Large,High
8,false,1,10,Speed,Large,High
8,false,1,11,Speed,Large,Medium
8,false,1,12,Speed,Medium,High
8,false,1,13,Speed,Medium,Low
8,false,1,14,Speed,Medium,Low
8,false,1,15,Speed,Large,Low
8,false,1,16,Speed,Small,Low
8,false,1,17,Speed,Small,Medium
8,true,0,0,PatternFrequency,Large,Low
8,true,0,1,PatternFrequency,Medium,Low
8,true,0,2,PatternFrequency,Small,Low
8,false,2,0,PatternFrequency,Medium,Medium
8,false,2,1,PatternFrequency,Medium,High
8,false,2,2,PatternFrequency,Large,Low
8,false,2,3,PatternFrequency,Medium,Medium
8,false,2,4,PatternFrequency,Medium,Low
8,false,2,5,PatternFrequency,Large,Low
8,false,2,6,PatternFrequency,Large,High
8,false,2,7,PatternFrequency,Small,High
8,false,2,8,PatternFrequency,Medium,Low
8,false,2,9,PatternFrequency,Large,High
8,false,2,10,PatternFrequency,Large,Medium
8,false,2,11,PatternFrequency,Large,Medium
8,false,2,12,PatternFrequency,Small,High
8,false,2,13,PatternFrequency,Small,Low
8,false,2,14,PatternFrequency,Small,Medium
8,false,2,15,PatternFrequency,Small,Low
8,false,2,16,PatternFrequency,Small,Medium
8,false,2,17,PatternFrequency,Medium,High
8,true,0,0,TemporalDistribution,Medium,Low
8,true,0,1,TemporalDistribution,Large,Low
8,true,0,2,TemporalDistribution,Small,Low
8,false,3,0,TemporalDistribution,Small,High
8,false,3,1,TemporalDistribution,Medium,Medium
8,false,3,2,TemporalDistribution,Large,Medium
8,false,3,3,TemporalDistribution,Small,Medium
8,false,3,4,TemporalDistribution,Small,High
8,false,3,5,TemporalDistribution,Small,Low
8,false,3,6,TemporalDistribution,Large,Low
8,false,3,7,TemporalDistribution,Large,High
8,false,3,8,TemporalDistribution,Medium,High
8,false,3,9,TemporalDistribution,Medium,High
8,false,3,10,TemporalDistribution,Small,Low
8,false,3,11,TemporalDistribution,Medium,Medium
8,false,3,12,TemporalDistribution,Large,Medium
8,false,3,13,TemporalDistribution,Medium,Low
8,false,3,14,TemporalDistribution,Small,Medium
8,false,3,15,TemporalDistribution,Medium,Low
8,false,3,16,TemporalDistribution,Large,Low
8,false,3,17,TemporalDistribution,Large,High
8,true,0,0,CrossingSpeedFrequency,Small,Low
8,true,0,1,CrossingSpeedFrequency,Large,Low
8,true,0,2,CrossingSpeedFrequency,Medium,Low
8,false,4,0,CrossingSpeedFrequency,Large,High
8,false,4,1,CrossingSpeedFrequency,Small,Low
8,false,4,2,CrossingSpeedFrequency,Large,Medium
8,false,4,3,CrossingSpeedFrequency,Medium,Medium
8,false,4,4,CrossingSpeedFrequency,Large,Medium
8,false,4,5,CrossingSpeedFrequency,Medium,Low
8,false,4,6,CrossingSpeedFrequency,Small,High
8,false,4,7,CrossingSpeedFrequency,Medium,High
8,false,4,8,CrossingSpeedFrequency,Small,Low
8,false,4,9,CrossingSpeedFrequency,Large,High
8,false,4,10,CrossingSpeedFrequency,Small,High
8,false,4,11,CrossingSpeedFrequency,Small,Medium
8,false,4,12,CrossingSpeedFrequency,Large,Low
8,false,4,13,CrossingSpeedFrequency,Small,Medium
8,false,4,14,CrossingSpeedFrequency,Medium,Low
8,false,4,15,CrossingSpeedFrequency,Large,Low
8,false,4,16,CrossingSpeedFrequency,Medium,High
8,false,4,17,CrossingSpeedFrequency,Medium,Medium
9,true,0,0,PatternFrequency,Large,Low
9,true,0,1,PatternFrequency,Small,Low
9,true,0,2,PatternFrequency,Medium,Low
9,false,1,0,PatternFrequency,Large,High
9,false,1,1,PatternFrequency,Small,Medium
9,false,1,2,PatternFrequency,Medium,High
9,false,1,3,PatternFrequency,Medium,Medium
9,false,1,4,PatternFrequency,Small,Low
9,false,1,5,PatternFrequency,Large,High
9,false,1,6,PatternFrequency,Small,Low
9,false,1,7,PatternFrequency,Large,Medium
9,false,1,8,PatternFrequency,Medium,Low
9,false,1,9,PatternFrequency,Medium,Medium
9,false,1,10,PatternFrequency,Large,Low
9,false,1,11,PatternFrequency,Medium,High
9,false,1,12,PatternFrequency,Medium,Low
9,false,1,13,PatternFrequency,Small,High
9,false,1,14,PatternFrequency,Large,Medium
9,false,1,15,PatternFrequency,Small,Medium
9,false,1,16,PatternFrequency,Large,Low
9,false,1,17,PatternFrequency,Small,High
9,true,0,0,TemporalDistribution,Large,Low
9,true,0,1,TemporalDistribution,Medium,Low
9,true,0,2,TemporalDistribution,Small,Low
9,false,2,0,TemporalDistribution,Small,Medium
9,false,2,1,TemporalDistribution,Large,Medium
9,false,2,2,TemporalDistribution,Medium,Low
9,false,2,3,TemporalDistribution,Small,Low
9,false,2,4,TemporalDistribution,Large,Low
9,false,2,5,TemporalDistribution,Small,High
9,false,2,6,TemporalDistribution,Medium,Medium
9,false,2,7,TemporalDistribution,Medium,High
9,false,2,8,TemporalDistribution,Large,Low
9,false,2,9,TemporalDistribution,Large,High
9,false,2,10,TemporalDistribution,Medium,Low
9,false,2,11,TemporalDistribution,Large,High
9,false,2,12,TemporalDistribution,Small,Low
9,false,2,13,TemporalDistribution,Medium,Medium
9,false,2,14,TemporalDistribution,Medium,High
9,false,2,15,TemporalDistribution,Small,High
9,false,2,16,TemporalDistribution,Large,Medium
9,false,2,17,TemporalDistribution,Small,Medium
9,true,0,0,CrossingSpeedFrequency,Medium,Low
9,true,0,1,CrossingSpeedFrequency,Large,Low
9,true,0,2,CrossingSpeedFrequency,Small,Low
9,false,3,0,CrossingSpeedFrequency,Medium,Low
9,false,3,1,CrossingSpeedFrequency,Small,Low
9,false,3,2,CrossingSpeedFrequency,Small,Medium
9,false,3,3,CrossingSpeedFrequency,Large,Low
9,false,3,4,CrossingSpeedFrequency,Small,High
9,false,3,5,CrossingSpeedFrequency,Large,Low
9,false,3,6,CrossingSpeedFrequency,Medium,Medium
9,false,3,7,CrossingSpeedFrequency,Small,Low
9,false,3,8,CrossingSpeedFrequency,Medium,High
9,false,3,9,CrossingSpeedFrequency,Medium,Low
9,false,3,10,CrossingSpeedFrequency,Medium,High
9,false,3,11,CrossingSpeedFrequency,Large,Medium
9,false,3,12,CrossingSpeedFrequency,Large,Medium
9,false,3,13,CrossingSpeedFrequency,Small,Medium
9,false,3,14,CrossingSpeedFrequency,Large,High
9,false,3,15,CrossingSpeedFrequency,Small,High
9,false,3,16,CrossingSpeedFrequency,Medium,Medium
9,false,3,17,CrossingSpeedFrequency,Large,High
9,true,0,0,Speed,Small,Low
9,true,0,1,Speed,Large,Low
9,true,0,2,Speed,Medium,Low
9,false,4,0,Speed,Large,Medium
9,false,4,1,Speed,Large,Low
9,false,4,2,Speed,Large,Medium
9,false,4,3,Speed,Small,High
9,false,4,4,Speed,Large,High
9,false,4,5,Speed,Medium,High
9,false,4,6,Speed,Medium,Medium
9,false,4,7,Speed,Medium,Low
9,false,4,8,Speed,Medium,Low
9,false,4,9,Speed,Large,Low
9,false,4,10,Speed,Small,Low
9,false,4,11,Speed,Small,Medium
9,false,4,12,Speed,Small,Low
9,false,4,13,Speed,Small,Medium
9,false,4,14,Speed,Small,High
9,false,4,15,Speed,Large,High
9,false,4,16,Speed,Medium,High
9,false,4,17,Speed,Medium,Medium
10,true,0,0,TemporalDistribution,Small,Low
10,true,0,1,TemporalDistribution,Medium,Low
10,true,0,2,TemporalDistribution,Large,Low
10,false,1,0,TemporalDistribution,Large,High
10,false,1,1,TemporalDistribution,Medium,Medium
10,false,1,2,TemporalDistribution,Large,Low
10,false,1,3,TemporalDistribution,Large,Medium
10,false,1,4,TemporalDistribution,Small,Low
10,false,1,5,TemporalDistribution,Medium,High
10,false,1,6,TemporalDistribution,Large,Low
10,false,1,7,TemporalDistribution,Medium,Low
10,false,1,8,TemporalDistribution,Large,Medium
10,false,1,9,TemporalDistribution,Small,High
10,false,1,10,TemporalDistribution,Medium,High
10,false,1,11,TemporalDistribution,Small,Medium
10,false,1,12,TemporalDistribution,Large,High
10,false,1,13,TemporalDistribution,Small,High
10,false,1,14,TemporalDistribution,Medium,Low
10,false,1,15,TemporalDistribution,Small,Low
10,false,1,16,TemporalDistribution,Medium,Medium
10,false,1,17,TemporalDistribution,Small,Medium
10,true,0,0,CrossingSpeedFrequency,Medium,Low
10,true,0,1,CrossingSpeedFrequency,Small,Low
10,true,0,2,CrossingSpeedFrequency,Large,Low
10,false,2,0,CrossingSpeedFrequency,Medium,Low
10,false,2,1,CrossingSpeedFrequency,Large,High
10,false,2,2,CrossingSpeedFrequency,Large,Low
10,false,2,3,CrossingSpeedFrequency,Small,Low
10,false,2,4,CrossingSpeedFrequency,Large,Medium
10,false,2,5,CrossingSpeedFrequency,Large,Low
10,false,2,6,CrossingSpeedFrequency,Small,Medium
10,false,2,7,CrossingSpeedFrequency,Small,High
10,false,2,8,CrossingSpeedFrequency,Small,Medium
10,false,2,9,CrossingSpeedFrequency,Large,Medium
10,false,2,10,CrossingSpeedFrequency,Medium,Low
10,false,2,11,CrossingSpeedFrequency,Medium,Medium
10,false,2,12,CrossingSpeedFrequency,Medium,High
10,false,2,13,CrossingSpeedFrequency,Small,High
10,false,2,14,CrossingSpeedFrequency,Large,High
10,false,2,15,CrossingSpeedFrequency,Small,Low
10,false,2,16,CrossingSpeedFrequency,Medium,High
10,false,2,17,CrossingSpeedFrequency,Medium,Medium
10,true,0,0,Speed,Medium,Low
10,true,0,1,Speed,Large,Low
10,true,0,2,Speed,Small,Low
10,false,3,0,Speed,Medium,Low
10,false,3,1,Speed,Small,Low
10,false,3,2,Speed,Large,Medium
10,false,3,3,Speed,Large,Low
10,false,3,4,Speed,Medium,High
10,false,3,5,Speed,Small,Medium
10,false,3,6,Speed,Small,High
10,false,3,7,Speed,Large,Medium
10,false,3,8,Speed,Small,Medium
10,false,3,9,Speed,Medium,High
10,false,3,10,Speed,Medium,Medium
10,false,3,11,Speed,Large,Low
10,false,3,12,Speed,Small,Low
10,false,3,13,Speed,Medium,Low
10,false,3,14,Speed,Small,High
10,false,3,15,Speed,Large,High
10,false,3,16,Speed,Medium,Medium
10,false,3,17,Speed,Large,High
10,true,0,0,PatternFrequency,Small,Low
10,true,0,1,PatternFrequency,Large,Low
10,true,0,2,PatternFrequency,Medium,Low
10,false,4,0,PatternFrequency,Medium,Medium
10,false,4,1,PatternFrequency,Large,High
10,false,4,2,PatternFrequency,Large,Medium
10,false,4,3,PatternFrequency,Large,High
10,false,4,4,PatternFrequency,Small,Low
10,false,4,5,PatternFrequency,Medium,Low
10,false,4,6,PatternFrequency,Medium,Medium
10,false,4,7,PatternFrequency,Large,Low
10,false,4,8,PatternFrequency,Large,Low
10,false,4,9,PatternFrequency,Small,High
10,false,4,10,PatternFrequency,Large,Medium
10,false,4,11,PatternFrequency,Small,High
10,false,4,12,PatternFrequency,Small,Medium
10,false,4,13,PatternFrequency,Medium,Low
10,false,4,14,PatternFrequency,Small,Low
10,false,4,15,PatternFrequency,Medium,High
10,false,4,16,PatternFrequency,Medium,High
10,false,4,17,PatternFrequency,Small,Medium
11,true,0,0,CrossingSpeedFrequency,Small,Low
11,true,0,1,CrossingSpeedFrequency,Medium,Low
11,true,0,2,CrossingSpeedFrequency,Large,Low
11,false,1,0,CrossingSpeedFrequency,Small,Low
11,false,1,1,CrossingSpeedFrequency,Medium,Low
11,false,1,2,CrossingSpeedFrequency,Small,Medium
11,false,1,3,CrossingSpeedFrequency,Large,Medium
11,false,1,4,CrossingSpeedFrequency,Medium,High
11,false,1,5,CrossingSpeedFrequency,Medium,Medium
11,false,1,6,CrossingSpeedFrequency,Large,Low
11,false,1,7,CrossingSpeedFrequency,Small,Medium
11,false,1,8,CrossingSpeedFrequency,Medium,Low
11,false,1,9,CrossingSpeedFrequency,Medium,Medium
11,false,1,10,CrossingSpeedFrequency,Large,High
11,false,1,11,CrossingSpeedFrequency,Large,Low
11,false,1,12,CrossingSpeedFrequency,Large,High
11,false,1,13,CrossingSpeedFrequency,Large,Medium
11,false,1,14,CrossingSpeedFrequency,Small,Low
11,false,1,15,CrossingSpeedFrequency,Small,High
11,false,1,16,CrossingSpeedFrequency,Small,High
11,false,1,17,CrossingSpeedFrequency,Medium,High
11,true,0,0,Speed,Large,Low
11,true,0,1,Speed,Small,Low
11,true,0,2,Speed,Medium,Low
11,false,2,0,Speed,Medium,High
11,false,2,1,Speed,Small,High
11,false,2,2,Speed,Small,Low
11,false,2,3,Speed,Medium,High
11,false,2,4,Speed,Medium,Medium
11,false,2,5,Speed,Medium,Low
11,false,2,6,Speed,Large,Low
11,false,2,7,Speed,Small,High
11,false,2,8,Speed,Small,Medium
11,false,2,9,Speed,Small,Low
11,false,2,10,Speed,Large,High
11,false,2,11,Speed,Medium,Medium
11,false,2,12,Speed,Large,Low
11,false,2,13,Speed,Medium,Low
11,false,2,14,Speed,Large,High
11,false,2,15,Speed,Large,Medium
11,false,2,16,Speed,Small,Medium
11,false,2,17,Speed,Large,Medium
11,true,0,0,PatternFrequency,Large,Low
11,true,0,1,PatternFrequency,Small,Low
11,true,0,2,PatternFrequency,Medium,Low
11,false,3,0,PatternFrequency,Medium,Medium
11,false,3,1,PatternFrequency,Small,Medium
11,false,3,2,PatternFrequency,Small,Medium
11,false,3,3,PatternFrequency,Large,Low
11,false,3,4,PatternFrequency,Medium,High
11,false,3,5,PatternFrequency,Medium,Low
11,false,3,6,PatternFrequency,Large,Low
11,false,3,7,PatternFrequency,Large,High
11,false,3,8,PatternFrequency,Small,Low
11,false,3,9,PatternFrequency,Large,Medium
11,false,3,10,PatternFrequency,Medium,Low
11,false,3,11,PatternFrequency,Large,High
11,false,3,12,PatternFrequency,Small,Low
11,false,3,13,PatternFrequency,Small,High
11,false,3,14,PatternFrequency,Medium,High
11,false,3,15,PatternFrequency,Small,High
11,false,3,16,PatternFrequency,Medium,Medium
11,false,3,17,PatternFrequency,Large,Medium
11,true,0,0,TemporalDistribution,Small,Low
11,true,0,1,TemporalDistribution,Medium,Low
11,true,0,2,TemporalDistribution,Large,Low
11,false,4,0,TemporalDistribution,Large,High
11,false,4,1,TemporalDistribution,Small,High
11,false,4,2,TemporalDistribution,Small,Low
11,false,4,3,TemporalDistribution,Medium,Medium
11,false,4,4,TemporalDistribution,Large,High
11,false,4,5,TemporalDistribution,Large,Medium
11,false,4,6,TemporalDistribution,Large,Low
11,false,4,7,TemporalDistribution,Medium,Low
11,false,4,8,TemporalDistribution,Large,Low
11,false,4,9,TemporalDistribution,Medium,High
11,false,4,10,TemporalDistribution,Small,High
11,false,4,11,TemporalDistribution,Medium,High
11,false,4,12,TemporalDistribution,Medium,Low
11,false,4,13,TemporalDistribution,Large,Medium
11,false,4,14,TemporalDistribution,Small,Low
11,false,4,15,TemporalDistribution,Small,Medium
11,false,4,16,TemporalDistribution,Medium,Medium
11,false,4,17,TemporalDistribution,Small,Medium
12,true,0,0,Speed,Medium,Low
12,true,0,1,Speed,Small,Low
12,true,0,2,Speed,Large,Low
12,false,1,0,Speed,Small,Low
12,false,1,1,Speed,Small,High
12,false,1,2,Speed,Small,Medium
12,false,1,3,Speed,Medium,Low
12,false,1,4,Speed,Large,Low
12,false,1,5,Speed,Large,Medium
12,false,1,6,Speed,Small,Medium
12,false,1,7,Speed,Medium,Low
12,false,1,8,Speed,Medium,Medium
12,false,1,9,Speed,Medium,High
12,false,1,10,Speed,Large,Medium
12,false,1,11,Speed,Large,High
12,false,1,12,Speed,Small,Low
12,false,1,13,Speed,Large,High
12,false,1,14,Speed,Medium,Medium
12,false,1,15,Speed,Small,High
12,false,1,16,Speed,Medium,High
12,false,1,17,Speed,Large,Low
12,true,0,0,PatternFrequency,Small,Low
12,true,0,1,PatternFrequency,Medium,Low
12,true,0,2,PatternFrequency,Large,Low
12,false,2,0,PatternFrequency,Medium,Medium
12,false,2,1,PatternFrequency,Medium,High
12,false,2,2,PatternFrequency,Large,Low
12,false,2,3,PatternFrequency,Medium,Medium
12,false,2,4,PatternFrequency,Medium,Low
12,false,2,5,PatternFrequency,Small,Low
12,false,2,6,PatternFrequency,Small,Low
12,false,2,7,PatternFrequency,Large,Low
12,false,2,8,PatternFrequency,Large,Medium
12,false,2,9,PatternFrequency,Large,High
12,false,2,10,PatternFrequency,Small,High
12,false,2,11,PatternFrequency,Small,Medium
12,false,2,12,PatternFrequency,Medium,Low
12,false,2,13,PatternFrequency,Small,High
12,false,2,14,PatternFrequency,Large,High
12,false,2,15,PatternFrequency,Small,Medium
12,false,2,16,PatternFrequency,Large,Medium
12,false,2,17,PatternFrequency,Medium,High
12,true,0,0,TemporalDistribution,Medium,Low
12,true,0,1,TemporalDistribution,Small,Low
12,true,0,2,TemporalDistribution,Large,Low
12,false,3,0,TemporalDistribution,Small,High
12,false,3,1,TemporalDistribution,Medium,Medium
12,false,3,2,TemporalDistribution,Small,Medium
12,false,3,3,TemporalDistribution,Small,High
12,false,3,4,TemporalDistribution,Medium,Low
12,false,3,5,TemporalDistribution,Large,High
12,false,3,6,TemporalDistribution,Small,Medium
12,false,3,7,TemporalDistribution,Medium,Medium
12,false,3,8,TemporalDistribution,Large,Low
12,false,3,9,TemporalDistribution,Medium,Low
12,false,3,10,TemporalDistribution,Large,Medium
12,false,3,11,TemporalDistribution,Medium,High
12,false,3,12,TemporalDistribution,Medium,High
12,false,3,13,TemporalDistribution,Large,Low
12,false,3,14,TemporalDistribution,Large,Medium
12,false,3,15,TemporalDistribution,Small,Low
12,false,3,16,TemporalDistribution,Large,High
12,false,3,17,TemporalDistribution,Small,Low
12,true,0,0,CrossingSpeedFrequency,Medium,Low
12,true,0,1,CrossingSpeedFrequency,Large,Low
12,true,0,2,CrossingSpeedFrequency,Small,Low
12,false,4,0,CrossingSpeedFrequency,Large,High
12,false,4,1,CrossingSpeedFrequency,Medium,Low
12,false,4,2,CrossingSpeedFrequency,Small,Low
12,false,4,3,CrossingSpeedFrequency,Large,Low
12,false,4,4,CrossingSpeedFrequency,Large,Low
12,false,4,5,CrossingSpeedFrequency,Medium,Medium
12,false,4,6,CrossingSpeedFrequency,Small,Medium
12,false,4,7,CrossingSpeedFrequency,Medium,High
12,false,4,8,CrossingSpeedFrequency,Large,Medium
12,false,4,9,CrossingSpeedFrequency,Large,Medium
12,false,4,10,CrossingSpeedFrequency,Medium,Low
12,false,4,11,CrossingSpeedFrequency,Large,High
12,false,4,12,CrossingSpeedFrequency,Medium,High
12,false,4,13,CrossingSpeedFrequency,Small,High
12,false,4,14,CrossingSpeedFrequency,Medium,Medium
12,false,4,15,CrossingSpeedFrequency,Small,High
12,false,4,16,CrossingSpeedFrequency,Small,Low
12,false,4,17,CrossingSpeedFrequency,Small,Medium
13,true,0,0,PatternFrequency,Medium,Low
13,true,0,1,PatternFrequency,Small,Low
13,true,0,2,PatternFrequency,Large,Low
13,false,1,0,PatternFrequency,Medium,Medium
13,false,1,1,PatternFrequency,Medium,High
13,false,1,2,PatternFrequency,Large,Medium
13,false,1,3,PatternFrequency,Large,High
13,false,1,4,PatternFrequency,Large,Low
13,false,1,5,PatternFrequency,Medium,Low
13,false,1,6,PatternFrequency,Large,Low
13,false,1,7,PatternFrequency,Medium,Low
13,false,1,8,PatternFrequency,Small,Low
13,false,1,9,PatternFrequency,Large,Medium
13,false,1,10,PatternFrequency,Small,Low
13,false,1,11,PatternFrequency,Large,High
13,false,1,12,PatternFrequency,Medium,High
13,false,1,13,PatternFrequency,Small,Medium
13,false,1,14,PatternFrequency,Small,High
13,false,1,15,PatternFrequency,Small,High
13,false,1,16,PatternFrequency,Small,Medium
13,false,1,17,PatternFrequency,Medium,Medium
13,true,0,0,TemporalDistribution,Medium,Low
13,true,0,1,TemporalDistribution,Large,Low
13,true,0,2,TemporalDistribution,Small,Low
13,false,2,0,TemporalDistribution,Medium,Low
13,false,2,1,TemporalDistribution,Large,High
13,false,2,2,TemporalDistribution,Medium,Medium
13,false,2,3,TemporalDistribution,Small,Medium
13,false,2,4,TemporalDistribution,Small,High
13,false,2,5,TemporalDistribution,Medium,Low
13,false,2,6,TemporalDistribution,Small,Low
13,false,2,7,TemporalDistribution,Medium,High
13,false,2,8,TemporalDistribution,Large,Low
13,false,2,9,TemporalDistribution,Medium,High
13,false,2,10,TemporalDistribution,Medium,Medium
13,false,2,11,TemporalDistribution,Small,High
13,false,2,12,TemporalDistribution,Large,Medium
13,false,2,13,TemporalDistribution,Large,Medium
13,false,2,14,TemporalDistribution,Small,Medium
13,false,2,15,TemporalDistribution,Small,Low
13,false,2,16,TemporalDistribution,Large,Low
13,false,2,17,TemporalDistribution,Large,High
13,true,0,0,CrossingSpeedFrequency,Small,Low
13,true,0,1,CrossingSpeedFrequency,Large,Low
13,true,0,2,CrossingSpeedFrequency,Medium,Low
13,false,3,0,CrossingSpeedFrequency,Medium,Medium
13,false,3,1,CrossingSpeedFrequency,Small,High
13,false,3,2,CrossingSpeedFrequency,Medium,Low
13,false,3,3,CrossingSpeedFrequency,Large,Medium
13,false,3,4,CrossingSpeedFrequency,Small,Medium
13,false,3,5,CrossingSpeedFrequency,Large,Low
13,false,3,6,CrossingSpeedFrequency,Large,Low
13,false,3,7,CrossingSpeedFrequency,Medium,High
13,false,3,8,CrossingSpeedFrequency,Medium,Low
13,false,3,9,CrossingSpeedFrequency,Small,Medium
13,false,3,10,CrossingSpeedFrequency,Large,High
13,false,3,11,CrossingSpeedFrequency,Large,Medium
13,false,3,12,CrossingSpeedFrequency,Small,Low
13,false,3,13,CrossingSpeedFrequency,Medium,High
13,false,3,14,CrossingSpeedFrequency,Large,High
13,false,3,15,CrossingSpeedFrequency,Small,Low
13,false,3,16,CrossingSpeedFrequency,Small,High
13,false,3,17,CrossingSpeedFrequency,Medium,Medium
13,true,0,0,Speed,Medium,Low
13,true,0,1,Speed,Small,Low
13,true,0,2,Speed,Large,Low
13,false,4,0,Speed,Medium,Medium
13,false,4,1,Speed,Small,Medium
13,false,4,2,Speed,Large,High
13,false,4,3,Speed,Medium,High
13,false,4,4,Speed,Large,Medium
13,false,4,5,Speed,Large,Medium
13,false,4,6,Speed,Small,Medium
13,false,4,7,Speed,Large,Low
13,false,4,8,Speed,Small,Low
13,false,4,9,Speed,Small,Low
13,false,4,10,Speed,Medium,Medium
13,false,4,11,Speed,Medium,High
13,false,4,12,Speed,Large,High
13,false,4,13,Speed,Small,High
13,false,4,14,Speed,Large,Low
13,false,4,15,Speed,Medium,Low
13,false,4,16,Speed,Medium,Low
13,false,4,17,Speed,Small,High
14,true,0,0,TemporalDistribution,Large,Low
14,true,0,1,TemporalDistribution,Medium,Low
14,true,0,2,TemporalDistribution,Small,Low
14,false,1,0,TemporalDistribution,Medium,Medium
14,false,1,1,TemporalDistribution,Large,Low
14,false,1,2,TemporalDistribution,Small,Low
14,false,1,3,TemporalDistribution,Large,Medium
14,false,1,4,TemporalDistribution,Medium,Low
14,false,1,5,TemporalDistribution,Large,Low
14,false,1,6,TemporalDistribution,Large,Medium
14,false,1,7,TemporalDistribution,Small,High
14,false,1,8,TemporalDistribution,Medium,High
14,false,1,9,TemporalDistribution,Medium,Low
14,false,1,10,TemporalDistribution,Small,High
14,false,1,11,TemporalDistribution,Medium,Medium
14,false,1,12,TemporalDistribution,Medium,High
14,false,1,13,TemporalDistribution,Large,High
14,false,1,14,TemporalDistribution,Small,Low
14,false,1,15,TemporalDistribution,Small,Medium
14,false,1,16,TemporalDistribution,Small,Medium
14,false,1,17,TemporalDistribution,Large,High
14,true,0,0,CrossingSpeedFrequency,Medium,Low
14,true,0,1,CrossingSpeedFrequency,Large,Low
14,true,0,2,CrossingSpeedFrequency,Small,Low
14,false,2,0,CrossingSpeedFrequency,Large,High
14,false,2,1,CrossingSpeedFrequency,Medium,High
14,false,2,2,CrossingSpeedFrequency,Small,Medium
14,false,2,3,CrossingSpeedFrequency,Small,Low
14,false,2,4,CrossingSpeedFrequency,Large,Low
14,false,2,5,CrossingSpeedFrequency,Small,Medium
14,false,2,6,CrossingSpeedFrequency,Large,Low
14,false,2,7,CrossingSpeedFrequency,Medium,Medium
14,false,2,8,CrossingSpeedFrequency,Medium,Low
14,false,2,9,CrossingSpeedFrequency,Medium,High
14,false,2,10,CrossingSpeedFrequency,Large,Medium
14,false,2,11,CrossingSpeedFrequency,Small,Low
14,false,2,12,CrossingSpeedFrequency,Small,High
14,false,2,13,CrossingSpeedFrequency,Large,High
14,false,2,14,CrossingSpeedFrequency,Large,Medium
14,false,2,15,CrossingSpeedFrequency,Medium,Medium
14,false,2,16,CrossingSpeedFrequency,Small,High
14,false,2,17,CrossingSpeedFrequency,Medium,Low
14,true,0,0,Speed,Large,Low
14,true,0,1,Speed,Medium,Low
14,true,0,2,Speed,Small,Low
14,false,3,0,Speed,Large,Low
14,false,3,1,Speed,Medium,Medium
14,false,3,2,Speed,Medium,High
14,false,3,3,Speed,Small,Medium
14,false,3,4,Speed,Large,High
14,false,3,5,Speed,Medium,Low
14,false,3,6,Speed,Large,High
14,false,3,7,Speed,Small,High
14,false,3,8,Speed,Small,Medium
14,false,3,9,Speed,Small,Low
14,false,3,10,Speed,Large,Medium
14,false,3,11,Speed,Large,Low
14,false,3,12,Speed,Medium,High
14,false,3,13,Speed,Small,Low
14,false,3,14,Speed,Large,Medium
14,false,3,15,Speed,Medium,Low
14,false,3,16,Speed,Small,High
14,false,3,17,Speed,Medium,Medium
14,true,0,0,PatternFrequency,Large,Low
14,true,0,1,PatternFrequency,Medium,Low
14,true,0,2,PatternFrequency,Small,Low
14,false,4,0,PatternFrequency,Medium,Medium
14,false,4,1,PatternFrequency,Small,Medium
14,false,4,2,PatternFrequency,Large,Medium
14,false,4,3,PatternFrequency,Small,High
14,false,4,4,PatternFrequency,Large,High
14,false,4,5,PatternFrequency,Medium,Low
14,false,4,6,PatternFrequency,Large,Low
14,false,4,7,PatternFrequency,Large,Medium
14,false,4,8,PatternFrequency,Medium,High
14,false,4,9,PatternFrequency,Medium,High
14,false,4,10,PatternFrequency,Large,High
14,false,4,11,PatternFrequency,Small,Medium
14,false,4,12,PatternFrequency,Large,Low
14,false,4,13,PatternFrequency,Small,Low
14,false,4,14,PatternFrequency,Small,Low
14,false,4,15,PatternFrequency,Medium,Low
14,false,4,16,PatternFrequency,Small,High
14,false,4,17,PatternFrequency,Medium,Medium
